accession	domain	phylum	class	order	family	genus	species	ncbi_isolation_source
GB_GCA_002417825.1	Bacteria	Bacillota	Bacilli	Lactobacillales	Lactobacillaceae	Lactobacillus	Lactobacillus sp002417825	cassava fermentation tank
RS_GCF_001436775.1	Bacteria	Bacillota	Bacilli	Lactobacillales	Lactobacillaceae	Lactobacillus	Lactobacillus acetotolerans	fermented vinegar broth
RS_GCF_019972835.1	Bacteria	Bacillota	Bacilli	Lactobacillales	Lactobacillaceae	Lactobacillus	Lactobacillus laiwuensis	honeybee gut
GB_GCA_905214545.1	Bacteria	Bacillota	Bacilli	Lactobacillales	Lactobacillaceae	Lactobacillus	Lactobacillus sp905214545	human gut
RS_GCF_947539375.1	Bacteria	Bacillota	Bacilli	Lactobacillales	Lactobacillaceae	Lactobacillus	Lactobacillus isalae	human vagina
RS_GCF_029395455.1	Bacteria	Bacillota	Bacilli	Lactobacillales	Lactobacillaceae	Lactobacillus	Lactobacillus sp029395455	Rain forest
RS_GCF_019448275.1	Bacteria	Bacillota	Bacilli	Lactobacillales	Streptococcaceae	Streptococcus	Streptococcus humanilactis	breast milk
GB_GCA_902363395.1	Bacteria	Bacillota	Bacilli	Lactobacillales	Streptococcaceae	Streptococcus	Streptococcus sp902363395	human gut
RS_GCF_029024465.1	Bacteria	Bacillota	Bacilli	Lactobacillales	Streptococcaceae	Lactococcus	Lactococcus garvieae	Bovine mastitis
RS_GCF_001543105.1	Bacteria	Bacillota	Bacilli	Lactobacillales	Aerococcaceae	Aerococcus	Aerococcus christensenii	Human vagina